{
    "1": {
        "loss": 1.9648691105681497,
        "train_accuracy": 52.77887788778878,
        "test_accuracy": 77.21188118811881
    },
    "2": {
        "loss": 1.0327983079729854,
        "train_accuracy": 73.01650165016501,
        "test_accuracy": 80.6059405940594
    },
    "3": {
        "loss": 0.8213883245716224,
        "train_accuracy": 78.21650165016501,
        "test_accuracy": 81.9049504950495
    },
    "4": {
        "loss": 0.6919713727123028,
        "train_accuracy": 81.46138613861386,
        "test_accuracy": 83.05346534653465
    },
    "5": {
        "loss": 0.5889299273289539,
        "train_accuracy": 83.8970297029703,
        "test_accuracy": 83.85346534653465
    },
    "6": {
        "loss": 0.5183565963965815,
        "train_accuracy": 85.65808580858086,
        "test_accuracy": 83.53663366336633
    },
    "7": {
        "loss": 0.45895224286092295,
        "train_accuracy": 87.13795379537954,
        "test_accuracy": 83.58811881188119
    },
    "8": {
        "loss": 0.4105776485961837,
        "train_accuracy": 88.30759075907591,
        "test_accuracy": 84.05940594059406
    },
    "9": {
        "loss": 0.3675697180064949,
        "train_accuracy": 89.4006600660066,
        "test_accuracy": 83.46534653465346
    },
    "10": {
        "loss": 0.3352283983919266,
        "train_accuracy": 90.26930693069306,
        "test_accuracy": 84.28514851485149
    },
    "11": {
        "loss": 0.19841655250638723,
        "train_accuracy": 94.15973597359736,
        "test_accuracy": 86.0
    },
    "12": {
        "loss": 0.14988669150232062,
        "train_accuracy": 95.53267326732673,
        "test_accuracy": 85.77425742574258
    },
    "13": {
        "loss": 0.13222251073583155,
        "train_accuracy": 95.95511551155116,
        "test_accuracy": 85.35841584158416
    },
    "14": {
        "loss": 0.1216430138997935,
        "train_accuracy": 96.38943894389439,
        "test_accuracy": 85.23564356435644
    },
    "15": {
        "loss": 0.10932685952709131,
        "train_accuracy": 96.66666666666667,
        "test_accuracy": 85.26732673267327
    },
    "16": {
        "loss": 0.09919699441289177,
        "train_accuracy": 96.8976897689769,
        "test_accuracy": 85.41386138613862
    },
    "17": {
        "loss": 0.09318241824370783,
        "train_accuracy": 97.13399339933993,
        "test_accuracy": 85.01782178217822
    },
    "18": {
        "loss": 0.09083486428937397,
        "train_accuracy": 97.18679867986799,
        "test_accuracy": 84.79207920792079
    },
    "19": {
        "loss": 0.08697348776449626,
        "train_accuracy": 97.32805280528054,
        "test_accuracy": 85.16039603960397
    },
    "20": {
        "loss": 0.08380846939729275,
        "train_accuracy": 97.37425742574257,
        "test_accuracy": 84.56237623762377
    },
    "21": {
        "loss": 0.048400510955174024,
        "train_accuracy": 98.49240924092409,
        "test_accuracy": 86.17029702970297
    },
    "22": {
        "loss": 0.03543375408107012,
        "train_accuracy": 98.94257425742575,
        "test_accuracy": 86.47524752475248
    },
    "23": {
        "loss": 0.030104913899826037,
        "train_accuracy": 99.06006600660066,
        "test_accuracy": 86.28118811881188
    },
    "24": {
        "loss": 0.029589048523072002,
        "train_accuracy": 99.08910891089108,
        "test_accuracy": 86.35643564356435
    },
    "25": {
        "loss": 0.029819943616481347,
        "train_accuracy": 99.10495049504951,
        "test_accuracy": 86.15445544554456
    },
    "26": {
        "loss": 0.02793994969908601,
        "train_accuracy": 99.0970297029703,
        "test_accuracy": 86.06336633663366
    },
    "27": {
        "loss": 0.026085180603282375,
        "train_accuracy": 99.18943894389439,
        "test_accuracy": 86.28514851485149
    },
    "28": {
        "loss": 0.025897338019677665,
        "train_accuracy": 99.20792079207921,
        "test_accuracy": 85.9960396039604
    },
    "29": {
        "loss": 0.026279469001786532,
        "train_accuracy": 99.206600660066,
        "test_accuracy": 86.1980198019802
    },
    "30": {
        "loss": 0.02732879583129181,
        "train_accuracy": 99.13135313531353,
        "test_accuracy": 86.0990099009901
    },
    "31": {
        "loss": 0.01986578352296272,
        "train_accuracy": 99.41650165016502,
        "test_accuracy": 86.37227722772278
    },
    "32": {
        "loss": 0.01542447141263118,
        "train_accuracy": 99.53663366336633,
        "test_accuracy": 86.63762376237624
    },
    "33": {
        "loss": 0.013530273355639577,
        "train_accuracy": 99.60396039603961,
        "test_accuracy": 86.52277227722772
    },
    "34": {
        "loss": 0.012510258085770859,
        "train_accuracy": 99.6,
        "test_accuracy": 86.74059405940594
    },
    "35": {
        "loss": 0.010477809880457416,
        "train_accuracy": 99.67392739273927,
        "test_accuracy": 86.52673267326733
    },
    "36": {
        "loss": 0.011179441079376202,
        "train_accuracy": 99.66072607260726,
        "test_accuracy": 86.76435643564356
    },
    "37": {
        "loss": 0.011164201225305127,
        "train_accuracy": 99.69504950495049,
        "test_accuracy": 86.66930693069307
    },
    "38": {
        "loss": 0.011603223920148495,
        "train_accuracy": 99.64356435643565,
        "test_accuracy": 86.58613861386138
    },
    "39": {
        "loss": 0.010982515444157872,
        "train_accuracy": 99.66468646864686,
        "test_accuracy": 86.62970297029703
    },
    "40": {
        "loss": 0.011093914481878872,
        "train_accuracy": 99.66732673267327,
        "test_accuracy": 86.58217821782178
    },
    "41": {
        "loss": 0.008951447606582282,
        "train_accuracy": 99.73201320132013,
        "test_accuracy": 86.94257425742575
    },
    "42": {
        "loss": 0.006944712059496826,
        "train_accuracy": 99.80594059405941,
        "test_accuracy": 87.12871287128714
    },
    "43": {
        "loss": 0.007018596159075576,
        "train_accuracy": 99.78217821782178,
        "test_accuracy": 87.16039603960397
    },
    "44": {
        "loss": 0.007496259352715365,
        "train_accuracy": 99.79009900990098,
        "test_accuracy": 87.2039603960396
    },
    "45": {
        "loss": 0.007360515667273462,
        "train_accuracy": 99.79009900990098,
        "test_accuracy": 87.15247524752475
    },
    "46": {
        "loss": 0.00597876429998684,
        "train_accuracy": 99.81914191419142,
        "test_accuracy": 87.16039603960397
    },
    "47": {
        "loss": 0.006686221001842027,
        "train_accuracy": 99.79537953795379,
        "test_accuracy": 87.22376237623763
    },
    "48": {
        "loss": 0.006033758558899265,
        "train_accuracy": 99.82046204620463,
        "test_accuracy": 87.21980198019801
    },
    "49": {
        "loss": 0.005741884194493822,
        "train_accuracy": 99.82706270627062,
        "test_accuracy": 87.10495049504951
    },
    "50": {
        "loss": 0.0057207675241885666,
        "train_accuracy": 99.83894389438944,
        "test_accuracy": 87.06930693069307
    },
    "total_time": "21h 28m 36s",
    "best_accuracy": 87.22376237623763
}