{
    "1": {
        "loss": 1.8838390301208239,
        "train_accuracy": 52.9940594059406,
        "test_accuracy": 70.95841584158416
    },
    "2": {
        "loss": 1.180954536272062,
        "train_accuracy": 68.50825082508251,
        "test_accuracy": 74.29306930693069
    },
    "3": {
        "loss": 0.9783544453817445,
        "train_accuracy": 73.403300330033,
        "test_accuracy": 77.24752475247524
    },
    "4": {
        "loss": 0.8207034728414303,
        "train_accuracy": 77.35049504950496,
        "test_accuracy": 78.02376237623763
    },
    "5": {
        "loss": 0.6764112006168108,
        "train_accuracy": 81.14719471947194,
        "test_accuracy": 78.53465346534654
    },
    "6": {
        "loss": 0.5427377536087423,
        "train_accuracy": 84.49636963696369,
        "test_accuracy": 79.80594059405941
    },
    "7": {
        "loss": 0.4196191228724815,
        "train_accuracy": 88.07524752475247,
        "test_accuracy": 79.97227722772277
    },
    "8": {
        "loss": 0.3204043173810115,
        "train_accuracy": 90.84620462046205,
        "test_accuracy": 80.21782178217822
    },
    "9": {
        "loss": 0.2528872966665674,
        "train_accuracy": 92.8013201320132,
        "test_accuracy": 80.7009900990099
    },
    "10": {
        "loss": 0.21947898373410507,
        "train_accuracy": 93.86798679867987,
        "test_accuracy": 80.7128712871287
    },
    "11": {
        "loss": 0.2103337453728592,
        "train_accuracy": 94.18349834983498,
        "test_accuracy": 80.7128712871287
    },
    "12": {
        "loss": 0.2078768352197634,
        "train_accuracy": 94.17161716171617,
        "test_accuracy": 80.68514851485149
    },
    "13": {
        "loss": 0.21092311114173484,
        "train_accuracy": 94.03036303630363,
        "test_accuracy": 80.44752475247525
    },
    "14": {
        "loss": 0.2182891034596675,
        "train_accuracy": 93.63168316831683,
        "test_accuracy": 79.82970297029703
    },
    "15": {
        "loss": 0.24362304469419493,
        "train_accuracy": 92.77095709570958,
        "test_accuracy": 78.66138613861386
    },
    "total_time": "611m 38s",
    "best_accuracy": 80.7128712871287
}