{
    "1": {
        "loss": 2.0433297000221304,
        "train_accuracy": 51.79537953795379,
        "test_accuracy": 67.25940594059406
    },
    "2": {
        "loss": 1.3930627514381666,
        "train_accuracy": 64.58613861386138,
        "test_accuracy": 71.10891089108911
    },
    "3": {
        "loss": 1.2448251027915929,
        "train_accuracy": 67.8970297029703,
        "test_accuracy": 73.04158415841584
    },
    "4": {
        "loss": 1.1611511781811714,
        "train_accuracy": 69.97755775577558,
        "test_accuracy": 74.04356435643564
    },
    "5": {
        "loss": 1.1083620152360685,
        "train_accuracy": 71.13135313531353,
        "test_accuracy": 74.22574257425742
    },
    "6": {
        "loss": 1.0706367230898626,
        "train_accuracy": 72.33267326732673,
        "test_accuracy": 74.8
    },
    "7": {
        "loss": 1.0421031939016807,
        "train_accuracy": 72.94257425742575,
        "test_accuracy": 75.02178217821782
    },
    "8": {
        "loss": 1.0211936803282917,
        "train_accuracy": 73.54059405940595,
        "test_accuracy": 75.32673267326733
    },
    "9": {
        "loss": 1.0110849033336382,
        "train_accuracy": 73.76237623762377,
        "test_accuracy": 75.36633663366337
    },
    "10": {
        "loss": 1.0046983896880537,
        "train_accuracy": 73.97095709570957,
        "test_accuracy": 75.409900990099
    },
    "11": {
        "loss": 1.0040425950208225,
        "train_accuracy": 73.95643564356436,
        "test_accuracy": 75.409900990099
    },
    "12": {
        "loss": 1.0054980085508243,
        "train_accuracy": 74.08316831683169,
        "test_accuracy": 75.43366336633663
    },
    "13": {
        "loss": 1.0029747192118619,
        "train_accuracy": 73.95379537953795,
        "test_accuracy": 75.43762376237623
    },
    "14": {
        "loss": 1.0072096280149512,
        "train_accuracy": 73.81782178217821,
        "test_accuracy": 75.48118811881189
    },
    "15": {
        "loss": 1.0031061641670562,
        "train_accuracy": 74.0013201320132,
        "test_accuracy": 75.59603960396039
    },
    "total_time": "6 hours, 10 minutes, and 29.56 seconds",
    "best_accuracy": 75.59603960396039
}